Index,Domain,Tab,Date
0,http://youtube.com/,Formatter > shell,Thu Dec 17 20:34:15 CET 2020
1,http://segurtasena.xyz/,CMS/Server,Mon Dec 14 08:30:21 CET 2020
2,http://egela.ehu.eus/,CMS/Server,Mon Dec 14 08:30:15 CET 2020
3,http://xataka.com/,CMS/Server,Mon Dec 14 08:29:45 CET 2020
4,http://amazon.com/,CMS/Server,Mon Dec 14 08:29:22 CET 2020
5,http://eldiario.es/,CMS/Server,Mon Dec 14 08:29:09 CET 2020
6,http://elcorreo.com/,CMS/Server,Mon Dec 14 08:28:33 CET 2020
7,http://anderpri.pw/,CMS/Server,Mon Dec 14 08:27:33 CET 2020
8,http://adeiarias.pw/,CMS/Server,Mon Dec 14 08:27:30 CET 2020
9,http://anderpri.pw/,CMS/Server,Sun Dec 13 21:27:30 CET 2020
10,http://ikasten.io/,CMS/Server,Sun Dec 13 20:09:51 CET 2020
11,http://kermansanjuan.online/,CMS/Server,Sun Dec 13 17:00:56 CET 2020
